{
  "train_loss": [
    1.7434294155942716,
    1.6690236262189664,
    1.6554334183049395,
    1.6462820467910146,
    1.6411490798965702,
    1.6362256616111692,
    1.6314455416144393,
    1.6258512628756887,
    1.6213796448901416,
    1.6174489259719849,
    1.6112925066211359,
    1.6080045612846934,
    1.6009476504674771,
    1.5934152981130087,
    1.5939341444310133,
    1.5869525758231557,
    1.5804979839945228,
    1.5751410373827306,
    1.5685888994030837,
    1.564348820748368,
    1.559723263833581,
    1.5538067623851746,
    1.5462741260606099,
    1.5427731857067202,
    1.5388767205602754,
    1.5345550368471843,
    1.5312188010874803
  ],
  "train_acc": [
    0.3158214103219213,
    0.3475344915687276,
    0.3546882984159428,
    0.35701967296882986,
    0.35858456821665813,
    0.3605965763924374,
    0.3633111905978539,
    0.3649399591211037,
    0.36810168625447115,
    0.37052887072049057,
    0.371934082779765,
    0.37448901379662747,
    0.3788962698007154,
    0.3815470107307103,
    0.37982243229432805,
    0.383048032703117,
    0.3852197240674502,
    0.3911599386816556,
    0.39147930505876344,
    0.3942577925396014,
    0.39543944813490034,
    0.3999744506898314,
    0.40003832396525296,
    0.40067705671946857,
    0.40399846704138986,
    0.405148185998978,
    0.4085973428717425
  ],
  "val_loss": [
    1.6358829736709595,
    1.6293745040893555,
    1.6247186660766602,
    1.6209113597869873,
    1.617048978805542,
    1.615904450416565,
    1.6138370037078857,
    1.6122374534606934,
    1.6126947402954102,
    1.61114501953125,
    1.611127495765686,
    1.609882116317749,
    1.611399531364441,
    1.6117770671844482,
    1.6119484901428223,
    1.611878752708435,
    1.6127935647964478,
    1.611768126487732,
    1.6151020526885986,
    1.6154537200927734,
    1.6123515367507935,
    1.6146130561828613,
    1.6160656213760376,
    1.61783766746521,
    1.6168510913848877,
    1.6219892501831055,
    1.6214361190795898
  ],
  "val_acc": [
    0.3474137931034483,
    0.3514367816091954,
    0.3545977011494253,
    0.3543103448275862,
    0.3560344827586207,
    0.35574712643678164,
    0.3594827586206897,
    0.35919540229885055,
    0.35977011494252875,
    0.3617816091954023,
    0.3603448275862069,
    0.3603448275862069,
    0.3594827586206897,
    0.3594827586206897,
    0.3586206896551724,
    0.35977011494252875,
    0.35919540229885055,
    0.3586206896551724,
    0.35833333333333334,
    0.3589080459770115,
    0.3635057471264368,
    0.3652298850574713,
    0.364367816091954,
    0.364367816091954,
    0.3658045977011494,
    0.3649425287356322,
    0.3658045977011494
  ],
  "val_precision": [
    0.23592012677703234,
    0.3703306534457982,
    0.36269774060207777,
    0.3360867089943757,
    0.3669108215910719,
    0.3135876035196688,
    0.43449978440852743,
    0.4145052185898842,
    0.4187755624734113,
    0.43219244111764926,
    0.39707666675887043,
    0.39717538336362485,
    0.36707332734718906,
    0.3658752251031601,
    0.3704283748677953,
    0.3715626881640286,
    0.3833027900382187,
    0.383665836989593,
    0.3589164387098851,
    0.3492649231671682,
    0.3632766306359829,
    0.3680856984913712,
    0.37228100172788536,
    0.37885243034650856,
    0.3741004156480123,
    0.36151249452655776,
    0.3695988755844608
  ],
  "val_recall": [
    0.3474137931034483,
    0.3514367816091954,
    0.3545977011494253,
    0.3543103448275862,
    0.3560344827586207,
    0.35574712643678164,
    0.3594827586206897,
    0.35919540229885055,
    0.35977011494252875,
    0.3617816091954023,
    0.3603448275862069,
    0.3603448275862069,
    0.3594827586206897,
    0.3594827586206897,
    0.3586206896551724,
    0.35977011494252875,
    0.35919540229885055,
    0.3586206896551724,
    0.35833333333333334,
    0.3589080459770115,
    0.3635057471264368,
    0.3652298850574713,
    0.364367816091954,
    0.364367816091954,
    0.3658045977011494,
    0.3649425287356322,
    0.3658045977011494
  ],
  "val_f1": [
    0.21452893106830925,
    0.21930773155225594,
    0.22139181109927397,
    0.22598932099213373,
    0.22963710074195637,
    0.23047801626493183,
    0.23914490465527227,
    0.24681895211920057,
    0.25277589763170794,
    0.2535211353206709,
    0.25592116037446627,
    0.256233796801993,
    0.2570175950790673,
    0.2641726034716773,
    0.2600352614351831,
    0.2606425624158773,
    0.26518734371562963,
    0.2692622411693209,
    0.2698990466272841,
    0.27343781558516633,
    0.2796867311071498,
    0.28007472856584037,
    0.28208320024333855,
    0.28161799743657523,
    0.2831076933077354,
    0.2869538409416416,
    0.28131277128888205
  ],
  "learning_rates": [
    0.0005,
    0.0004998766400914329,
    0.0004995066821070679,
    0.00049889049115077,
    0.0004980286753286195,
    0.0004969220851487844,
    0.0004955718126821722,
    0.0004939791904846868,
    0.0004921457902821577,
    0.0004900734214192357,
    0.00048776412907378835,
    0.00048522019223855637,
    0.00048244412147206283,
    0.00047943865642099525,
    0.0004762067631165049,
    0.00047275163104709196,
    0.0004690766700109659,
    0.00046518550675098597,
    0.0004610819813755038,
    0.0004567701435686405,
    0.00045225424859373693,
    0.00044753875309392266,
    0.0004426283106939474,
    0.00043752776740761494,
    0.0004322421568553529,
    0.0004267766952966369,
    0.00042113677648217225
  ]
}